,precision,recall,f1-score,support
0,0.5147058823529411,0.4166666666666667,0.4605263157894737,336.0
1,0.565410199556541,0.6589147286821705,0.6085918854415274,387.0
accuracy,0.5463347164591977,0.5463347164591977,0.5463347164591977,0.5463347164591977
macro avg,0.5400580409547411,0.5377906976744186,0.5345591006155006,723.0
weighted avg,0.541846367495117,0.5463347164591977,0.5397813302505314,723.0
